Saar,,,,,,,
,1920,24,,,,,
,1921,74,75,76,77,,
,1921,79,,,,,
,1922,115,,,,,
,1923,112,,,,,
,1930-32,130,,,,,
,1934,140,,,,,
,1934,139,142,,,,
Official,,,,,,,
,1922-23,O1,,,,,
Semi-postal,,,,,,,
,1926,B1,B2,,,,
,1931,B2,B24,B25,B26,,
,1929,B16,B17,B18,,,
,1931,B30,B17,B25,,,
,1934,B47,B48,B49,B54,B55,B57
,1932,C3,C4,,,,
,1934,C5,C6,C7,,,
,,,,,,,
St. Christopher,,,,,,,
,1870-90,9,12,14,7,,
,,,,,,,
St. Helena,,,,,,,
,1890-96,40,41,,,,
,1912,73,,,,,
,1903,51,,,,,
,1912-22,62,75,63,,,